fragment_100;AC234137.4;100.000;100;0;0;1;100;33114;33015;1.52e-41;181
fragment_100;AC087518.5;100.000;100;0;0;1;100;54209;54308;1.52e-41;181
fragment_100;AC007991.7;100.000;100;0;0;1;100;145459;145558;1.52e-41;181
fragment_100;OX465371.1;76.000;100;24;0;1;100;8591020;8591119;5.66e-09;73.4
fragment_100;OX457075.1;75.248;101;24;1;1;100;5990608;5990508;8.40e-07;67.1
fragment_100;OX465347.1;74.000;100;26;0;1;100;4750203;4750104;2.93e-06;64.4
fragment_100;OX459093.1;74.000;100;26;0;1;100;4239208;4239109;2.93e-06;64.4
fragment_100;OW443381.1;74.000;100;26;0;1;100;4342146;4342047;2.93e-06;64.4
fragment_100;CP050577.1;72.000;100;22;1;1;100;25728280;25728187;0.002;56.3
fragment_100;CP050618.1;72.000;100;22;1;1;100;25757685;25757592;0.002;56.3
fragment_100;HG994398.1;72.000;100;22;1;1;100;34929245;34929338;0.002;56.3
fragment_100;OX463242.1;73.626;91;21;1;1;91;85841548;85841635;0.002;55.4
fragment_100;OX460411.1;72.000;100;28;0;1;100;16946232;16946133;0.002;55.4
fragment_100;XR_001514159.1;75.000;76;19;0;6;81;445;370;0.019;52.7
fragment_99;AC234137.4;100.000;99;0;0;1;99;33114;33016;5.21e-41;179
fragment_99;AC087518.5;100.000;99;0;0;1;99;54209;54307;5.21e-41;179
fragment_99;AC007991.7;100.000;99;0;0;1;99;145459;145557;5.21e-41;179
fragment_99;OX465371.1;75.758;99;24;0;1;99;8591020;8591118;1.94e-08;71.6
fragment_99;OX457075.1;75.000;100;24;1;1;99;5990608;5990509;2.89e-06;65.3
fragment_99;OX465347.1;73.737;99;26;0;1;99;4750203;4750105;1.01e-05;62.6
fragment_99;OX459093.1;73.737;99;26;0;1;99;4239208;4239110;1.01e-05;62.6
fragment_99;OW443381.1;73.737;99;26;0;1;99;4342146;4342048;1.01e-05;62.6
fragment_99;OX463242.1;73.626;91;21;1;1;91;85841548;85841635;0.001;55.4
fragment_99;CP050577.1;71.717;99;22;1;1;99;25728280;25728188;0.005;54.5
fragment_99;CP050618.1;71.717;99;22;1;1;99;25757685;25757593;0.005;54.5
fragment_99;OX460411.1;72.165;97;27;0;1;97;16946232;16946136;0.005;54.5
fragment_99;HG994398.1;71.717;99;22;1;1;99;34929245;34929337;0.005;54.5
fragment_99;XR_001514159.1;75.000;76;19;0;6;81;445;370;0.018;52.7
fragment_98;AC234137.4;100.000;98;0;0;1;98;33114;33017;1.79e-40;178
fragment_98;AC087518.5;100.000;98;0;0;1;98;54209;54306;1.79e-40;178
fragment_98;AC007991.7;100.000;98;0;0;1;98;145459;145556;1.79e-40;178
fragment_98;OX465371.1;75.510;98;24;0;1;98;8591020;8591117;6.68e-08;69.8
fragment_98;OX457075.1;74.747;99;24;1;1;98;5990608;5990510;9.91e-06;63.5
fragment_98;OX465347.1;73.469;98;26;0;1;98;4750203;4750106;3.46e-05;60.8
fragment_98;OX459093.1;73.469;98;26;0;1;98;4239208;4239111;3.46e-05;60.8
fragment_98;OW443381.1;73.469;98;26;0;1;98;4342146;4342049;3.46e-05;60.8
fragment_98;OX463242.1;73.626;91;21;1;1;91;85841548;85841635;0.001;55.4
fragment_98;OX460411.1;72.165;97;27;0;1;97;16946232;16946136;0.005;54.5
fragment_98;CP050577.1;71.429;98;22;1;1;98;25728280;25728189;0.018;52.7
fragment_98;CP050618.1;71.429;98;22;1;1;98;25757685;25757594;0.018;52.7
fragment_98;XR_001514159.1;75.000;76;19;0;6;81;445;370;0.018;52.7
fragment_98;HG994398.1;71.429;98;22;1;1;98;34929245;34929336;0.018;52.7
fragment_97;AC234137.4;100.000;97;0;0;1;97;33114;33018;6.14e-40;176
fragment_97;AC087518.5;100.000;97;0;0;1;97;54209;54305;6.14e-40;176
fragment_97;AC007991.7;100.000;97;0;0;1;97;145459;145555;6.14e-40;176
fragment_97;OX465371.1;75.789;95;23;0;1;95;8591020;8591114;2.29e-07;68.9
fragment_97;OX457075.1;75.000;96;23;1;1;95;5990608;5990513;9.75e-06;62.6
fragment_97;OX465347.1;73.684;95;25;0;1;95;4750203;4750109;1.19e-04;59.9
fragment_97;OX459093.1;73.684;95;25;0;1;95;4239208;4239114;1.19e-04;59.9
fragment_97;OW443381.1;73.684;95;25;0;1;95;4342146;4342052;1.19e-04;59.9
fragment_97;OX463242.1;73.626;91;21;1;1;91;85841548;85841635;0.001;55.4
fragment_97;OX460411.1;72.165;97;27;0;1;97;16946232;16946136;0.005;54.5
fragment_97;XR_001514159.1;75.000;76;19;0;6;81;445;370;0.018;52.7
fragment_97;CP050577.1;71.579;95;21;1;1;95;25728280;25728192;0.018;51.8
fragment_97;CP050618.1;71.579;95;21;1;1;95;25757685;25757597;0.018;51.8
fragment_97;HG994398.1;71.579;95;21;1;1;95;34929245;34929333;0.018;51.8
fragment_96;AC234137.4;100.000;96;0;0;1;96;33114;33019;2.11e-39;174
fragment_96;AC087518.5;100.000;96;0;0;1;96;54209;54304;2.11e-39;174
fragment_96;AC007991.7;100.000;96;0;0;1;96;145459;145554;2.11e-39;174
fragment_96;OX465371.1;75.789;95;23;0;1;95;8591020;8591114;2.25e-07;68.9
fragment_96;OX457075.1;75.000;96;23;1;1;95;5990608;5990513;9.58e-06;62.6
fragment_96;OX465347.1;73.684;95;25;0;1;95;4750203;4750109;1.17e-04;59.9
fragment_96;OX459093.1;73.684;95;25;0;1;95;4239208;4239114;1.17e-04;59.9
fragment_96;OW443381.1;73.684;95;25;0;1;95;4342146;4342052;1.17e-04;59.9
fragment_96;OX463242.1;73.626;91;21;1;1;91;85841548;85841635;0.001;55.4
fragment_96;XR_001514159.1;75.000;76;19;0;6;81;445;370;0.017;52.7
fragment_96;OX460411.1;71.875;96;27;0;1;96;16946232;16946137;0.017;52.7
fragment_96;CP050577.1;71.579;95;21;1;1;95;25728280;25728192;0.017;51.8
fragment_96;CP050618.1;71.579;95;21;1;1;95;25757685;25757597;0.017;51.8
fragment_96;HG994398.1;71.579;95;21;1;1;95;34929245;34929333;0.017;51.8
fragment_95;AC234137.4;100.000;95;0;0;1;95;33114;33020;7.23e-39;172
fragment_95;AC087518.5;100.000;95;0;0;1;95;54209;54303;7.23e-39;172
fragment_95;AC007991.7;100.000;95;0;0;1;95;145459;145553;7.23e-39;172
fragment_95;OX465371.1;75.789;95;23;0;1;95;8591020;8591114;2.22e-07;68.9
fragment_95;OX457075.1;75.000;96;23;1;1;95;5990608;5990513;9.42e-06;62.6
fragment_95;OX465347.1;73.684;95;25;0;1;95;4750203;4750109;1.15e-04;59.9
fragment_95;OX459093.1;73.684;95;25;0;1;95;4239208;4239114;1.15e-04;59.9
fragment_95;OW443381.1;73.684;95;25;0;1;95;4342146;4342052;1.15e-04;59.9
fragment_95;OX463242.1;73.626;91;21;1;1;91;85841548;85841635;0.001;55.4
fragment_95;XR_001514159.1;75.000;76;19;0;6;81;445;370;0.017;52.7
fragment_95;CP050577.1;71.579;95;21;1;1;95;25728280;25728192;0.017;51.8
fragment_95;CP050618.1;71.579;95;21;1;1;95;25757685;25757597;0.017;51.8
fragment_95;OX460411.1;72.043;93;26;0;1;93;16946232;16946140;0.017;51.8
fragment_95;HG994398.1;71.579;95;21;1;1;95;34929245;34929333;0.017;51.8
fragment_94;AC234137.4;100.000;94;0;0;1;94;33114;33021;2.48e-38;170
fragment_94;AC087518.5;100.000;94;0;0;1;94;54209;54302;2.48e-38;170
fragment_94;AC007991.7;100.000;94;0;0;1;94;145459;145552;2.48e-38;170
fragment_94;OX465371.1;75.532;94;23;0;1;94;8591020;8591113;7.60e-07;67.1
fragment_94;OX457075.1;74.737;95;23;1;1;94;5990608;5990514;3.23e-05;60.8
fragment_94;OX465347.1;73.404;94;25;0;1;94;4750203;4750110;3.94e-04;58.1
fragment_94;OX459093.1;73.404;94;25;0;1;94;4239208;4239115;3.94e-04;58.1
fragment_94;OW443381.1;73.404;94;25;0;1;94;4342146;4342053;3.94e-04;58.1
fragment_94;OX463242.1;73.626;91;21;1;1;91;85841548;85841635;0.001;55.4
fragment_94;XR_001514159.1;75.000;76;19;0;6;81;445;370;0.017;52.7
fragment_94;OX460411.1;72.043;93;26;0;1;93;16946232;16946140;0.017;51.8
fragment_93;AC234137.4;100.000;93;0;0;1;93;33114;33022;8.50e-38;168
fragment_93;AC087518.5;100.000;93;0;0;1;93;54209;54301;8.50e-38;168
fragment_93;AC007991.7;100.000;93;0;0;1;93;145459;145551;8.50e-38;168
fragment_93;OX465371.1;75.269;93;23;0;1;93;8591020;8591112;2.61e-06;65.3
fragment_93;OX457075.1;74.468;94;23;1;1;93;5990608;5990515;1.11e-04;59.0
fragment_93;OX465347.1;73.118;93;25;0;1;93;4750203;4750111;0.001;56.3
fragment_93;OX459093.1;73.118;93;25;0;1;93;4239208;4239116;0.001;56.3
fragment_93;OW443381.1;73.118;93;25;0;1;93;4342146;4342054;0.001;56.3
fragment_93;OX463242.1;73.626;91;21;1;1;91;85841548;85841635;0.001;55.4
fragment_93;XR_001514159.1;75.000;76;19;0;6;81;445;370;0.016;52.7
fragment_93;OX460411.1;72.043;93;26;0;1;93;16946232;16946140;0.016;51.8
fragment_92;AC234137.4;100.000;92;0;0;1;92;33114;33023;2.92e-37;167
fragment_92;AC087518.5;100.000;92;0;0;1;92;54209;54300;2.92e-37;167
fragment_92;AC007991.7;100.000;92;0;0;1;92;145459;145550;2.92e-37;167
fragment_92;OX465371.1;75.556;90;22;0;1;90;8591020;8591109;2.56e-06;64.4
fragment_92;OX457075.1;74.194;93;23;1;1;92;5990608;5990516;3.80e-04;57.2
fragment_92;OX463242.1;73.626;91;21;1;1;91;85841548;85841635;0.001;55.4
fragment_92;OX465347.1;72.826;92;25;0;1;92;4750203;4750112;0.005;54.5
fragment_92;OX459093.1;72.826;92;25;0;1;92;4239208;4239117;0.005;54.5
fragment_92;OW443381.1;72.826;92;25;0;1;92;4342146;4342055;0.005;54.5
fragment_92;XR_001514159.1;75.000;76;19;0;6;81;445;370;0.016;52.7
fragment_91;AC234137.4;100.000;91;0;0;1;91;33114;33024;9.99e-37;165
fragment_91;AC087518.5;100.000;91;0;0;1;91;54209;54299;9.99e-37;165
fragment_91;AC007991.7;100.000;91;0;0;1;91;145459;145549;9.99e-37;165
fragment_91;OX465371.1;75.556;90;22;0;1;90;8591020;8591109;2.51e-06;64.4
fragment_91;OX463242.1;73.626;91;21;1;1;91;85841548;85841635;0.001;55.4
fragment_91;OX457075.1;73.913;92;23;1;1;91;5990608;5990517;0.001;55.4
fragment_91;XR_001514159.1;75.000;76;19;0;6;81;445;370;0.016;52.7
fragment_91;OX465347.1;72.527;91;25;0;1;91;4750203;4750113;0.016;52.7
fragment_91;OX459093.1;72.527;91;25;0;1;91;4239208;4239118;0.016;52.7
fragment_91;OW443381.1;72.527;91;25;0;1;91;4342146;4342056;0.016;52.7
fragment_90;AC234137.4;100.000;90;0;0;1;90;33114;33025;3.42e-36;163
fragment_90;AC087518.5;100.000;90;0;0;1;90;54209;54298;3.42e-36;163
fragment_90;AC007991.7;100.000;90;0;0;1;90;145459;145548;3.42e-36;163
fragment_90;OX465371.1;75.556;90;22;0;1;90;8591020;8591109;2.47e-06;64.4
fragment_90;OX463242.1;73.333;90;21;1;1;90;85841548;85841634;0.004;53.6
fragment_90;OX457075.1;73.626;91;23;1;1;90;5990608;5990518;0.004;53.6
fragment_90;XR_001514159.1;75.000;76;19;0;6;81;445;370;0.016;52.7
fragment_89;AC234137.4;100.000;89;0;0;1;89;33114;33026;1.17e-35;161
fragment_89;AC087518.5;100.000;89;0;0;1;89;54209;54297;1.17e-35;161
fragment_89;AC007991.7;100.000;89;0;0;1;89;145459;145547;1.17e-35;161
fragment_89;OX465371.1;76.190;84;20;0;1;84;8591020;8591103;8.45e-06;62.6
fragment_89;XR_001514159.1;75.000;76;19;0;6;81;445;370;0.015;52.7
fragment_89;OX463242.1;73.810;84;19;1;1;84;85841548;85841628;0.015;51.8
fragment_89;OX457075.1;74.118;85;21;1;1;84;5990608;5990524;0.015;51.8
fragment_88;AC234137.4;100.000;88;0;0;1;88;33114;33027;4.01e-35;159
fragment_88;AC087518.5;100.000;88;0;0;1;88;54209;54296;4.01e-35;159
fragment_88;AC007991.7;100.000;88;0;0;1;88;145459;145546;4.01e-35;159
fragment_88;OX465371.1;76.190;84;20;0;1;84;8591020;8591103;8.28e-06;62.6
fragment_88;XR_001514159.1;75.000;76;19;0;6;81;445;370;0.015;52.7
fragment_88;OX463242.1;73.810;84;19;1;1;84;85841548;85841628;0.015;51.8
fragment_88;OX457075.1;74.118;85;21;1;1;84;5990608;5990524;0.015;51.8
fragment_87;AC234137.4;100.000;87;0;0;1;87;33114;33028;1.37e-34;158
fragment_87;AC087518.5;100.000;87;0;0;1;87;54209;54295;1.37e-34;158
fragment_87;AC007991.7;100.000;87;0;0;1;87;145459;145545;1.37e-34;158
fragment_87;OX465371.1;76.190;84;20;0;1;84;8591020;8591103;8.12e-06;62.6
fragment_87;XR_001514159.1;75.000;76;19;0;6;81;445;370;0.015;52.7
fragment_87;OX463242.1;73.810;84;19;1;1;84;85841548;85841628;0.015;51.8
fragment_87;OX457075.1;74.118;85;21;1;1;84;5990608;5990524;0.015;51.8
fragment_86;AC234137.4;100.000;86;0;0;1;86;33114;33029;4.70e-34;156
fragment_86;AC087518.5;100.000;86;0;0;1;86;54209;54294;4.70e-34;156
fragment_86;AC007991.7;100.000;86;0;0;1;86;145459;145544;4.70e-34;156
fragment_86;OX465371.1;76.190;84;20;0;1;84;8591020;8591103;7.96e-06;62.6
fragment_86;XR_001514159.1;75.000;76;19;0;6;81;445;370;0.014;52.7
fragment_86;OX463242.1;73.810;84;19;1;1;84;85841548;85841628;0.014;51.8
fragment_86;OX457075.1;74.118;85;21;1;1;84;5990608;5990524;0.014;51.8
fragment_85;AC234137.4;100.000;85;0;0;1;85;33114;33030;1.61e-33;154
fragment_85;AC087518.5;100.000;85;0;0;1;85;54209;54293;1.61e-33;154
fragment_85;AC007991.7;100.000;85;0;0;1;85;145459;145543;1.61e-33;154
fragment_85;OX465371.1;76.190;84;20;0;1;84;8591020;8591103;7.80e-06;62.6
fragment_85;XR_001514159.1;75.000;76;19;0;6;81;445;370;0.014;52.7
fragment_85;OX463242.1;73.810;84;19;1;1;84;85841548;85841628;0.014;51.8
fragment_85;OX457075.1;74.118;85;21;1;1;84;5990608;5990524;0.014;51.8
fragment_85;CP050577.1;85.714;42;6;0;1;42;25728280;25728239;0.049;50.0
fragment_85;CP050618.1;85.714;42;6;0;1;42;25757685;25757644;0.049;50.0
fragment_85;XR_003132355.3;85.714;42;6;0;1;42;249;208;0.049;50.0
fragment_85;HG994398.1;85.714;42;6;0;1;42;34929245;34929286;0.049;50.0
fragment_85;XR_005439191.1;85.714;42;6;0;1;42;249;208;0.049;50.0
fragment_85;XR_002614625.2;85.714;42;6;0;1;42;249;208;0.049;50.0
fragment_84;AC234137.4;100.000;84;0;0;1;84;33114;33031;5.49e-33;152
fragment_84;AC087518.5;100.000;84;0;0;1;84;54209;54292;5.49e-33;152
fragment_84;AC007991.7;100.000;84;0;0;1;84;145459;145542;5.49e-33;152
fragment_84;OX465371.1;76.190;84;20;0;1;84;8591020;8591103;7.63e-06;62.6
fragment_84;XR_001514159.1;75.000;76;19;0;6;81;445;370;0.014;52.7
fragment_84;OX463242.1;73.810;84;19;1;1;84;85841548;85841628;0.014;51.8
fragment_84;OX457075.1;74.118;85;21;1;1;84;5990608;5990524;0.014;51.8
fragment_84;CP050577.1;85.714;42;6;0;1;42;25728280;25728239;0.048;50.0
fragment_84;CP050618.1;85.714;42;6;0;1;42;25757685;25757644;0.048;50.0
fragment_84;XR_003132355.3;85.714;42;6;0;1;42;249;208;0.048;50.0
fragment_84;HG994398.1;85.714;42;6;0;1;42;34929245;34929286;0.048;50.0
fragment_84;XR_005439191.1;85.714;42;6;0;1;42;249;208;0.048;50.0
fragment_84;XR_002614625.2;85.714;42;6;0;1;42;249;208;0.048;50.0
fragment_83;AC234137.4;100.000;83;0;0;1;83;33114;33032;1.87e-32;150
fragment_83;AC087518.5;100.000;83;0;0;1;83;54209;54291;1.87e-32;150
fragment_83;AC007991.7;100.000;83;0;0;1;83;145459;145541;1.87e-32;150
fragment_83;OX465371.1;76.543;81;19;0;1;81;8591020;8591100;2.61e-05;61.7
fragment_83;XR_001514159.1;75.000;76;19;0;6;81;445;370;0.014;52.7
fragment_83;OX457075.1;74.390;82;20;1;1;81;5990608;5990527;0.047;50.9
fragment_83;CP050577.1;85.714;42;6;0;1;42;25728280;25728239;0.047;50.0
fragment_83;CP050618.1;85.714;42;6;0;1;42;25757685;25757644;0.047;50.0
fragment_83;OX463242.1;73.494;83;19;1;1;83;85841548;85841627;0.047;50.0
fragment_83;XR_003132355.3;85.714;42;6;0;1;42;249;208;0.047;50.0
fragment_83;HG994398.1;85.714;42;6;0;1;42;34929245;34929286;0.047;50.0
fragment_83;XR_005439191.1;85.714;42;6;0;1;42;249;208;0.047;50.0
fragment_83;XR_002614625.2;85.714;42;6;0;1;42;249;208;0.047;50.0
fragment_82;AC234137.4;100.000;82;0;0;1;82;33114;33033;6.40e-32;149
fragment_82;AC087518.5;100.000;82;0;0;1;82;54209;54290;6.40e-32;149
fragment_82;AC007991.7;100.000;82;0;0;1;82;145459;145540;6.40e-32;149
fragment_82;OX465371.1;76.543;81;19;0;1;81;8591020;8591100;2.55e-05;61.7
fragment_82;XR_001514159.1;75.000;76;19;0;6;81;445;370;0.013;52.7
fragment_82;OX457075.1;74.390;82;20;1;1;81;5990608;5990527;0.046;50.9
fragment_82;CP050577.1;85.714;42;6;0;1;42;25728280;25728239;0.046;50.0
fragment_82;CP050618.1;85.714;42;6;0;1;42;25757685;25757644;0.046;50.0
fragment_82;XR_003132355.3;85.714;42;6;0;1;42;249;208;0.046;50.0
fragment_82;HG994398.1;85.714;42;6;0;1;42;34929245;34929286;0.046;50.0
fragment_82;XR_005439191.1;85.714;42;6;0;1;42;249;208;0.046;50.0
fragment_82;XR_002614625.2;85.714;42;6;0;1;42;249;208;0.046;50.0
fragment_81;AC234137.4;100.000;81;0;0;1;81;33114;33034;2.18e-31;147
fragment_81;AC087518.5;100.000;81;0;0;1;81;54209;54289;2.18e-31;147
fragment_81;AC007991.7;100.000;81;0;0;1;81;145459;145539;2.18e-31;147
fragment_81;OX465371.1;76.543;81;19;0;1;81;8591020;8591100;2.49e-05;61.7
fragment_81;XR_001514159.1;75.000;76;19;0;6;81;445;370;0.013;52.7
fragment_81;OX457075.1;74.390;82;20;1;1;81;5990608;5990527;0.045;50.9
fragment_81;CP050577.1;85.714;42;6;0;1;42;25728280;25728239;0.045;50.0
fragment_81;CP050618.1;85.714;42;6;0;1;42;25757685;25757644;0.045;50.0
fragment_81;XR_003132355.3;85.714;42;6;0;1;42;249;208;0.045;50.0
fragment_81;HG994398.1;85.714;42;6;0;1;42;34929245;34929286;0.045;50.0
fragment_81;XR_005439191.1;85.714;42;6;0;1;42;249;208;0.045;50.0
fragment_81;XR_002614625.2;85.714;42;6;0;1;42;249;208;0.045;50.0
fragment_80;AC234137.4;100.000;80;0;0;1;80;33114;33035;7.45e-31;145
fragment_80;AC087518.5;100.000;80;0;0;1;80;54209;54288;7.45e-31;145
fragment_80;AC007991.7;100.000;80;0;0;1;80;145459;145538;7.45e-31;145
fragment_80;OX465371.1;76.250;80;19;0;1;80;8591020;8591099;8.51e-05;59.9
fragment_80;XR_001514159.1;74.667;75;19;0;6;80;445;371;0.044;50.9
fragment_80;CP050577.1;85.714;42;6;0;1;42;25728280;25728239;0.044;50.0
fragment_80;CP050618.1;85.714;42;6;0;1;42;25757685;25757644;0.044;50.0
fragment_80;XR_003132355.3;85.714;42;6;0;1;42;249;208;0.044;50.0
fragment_80;HG994398.1;85.714;42;6;0;1;42;34929245;34929286;0.044;50.0
fragment_80;XR_005439191.1;85.714;42;6;0;1;42;249;208;0.044;50.0
fragment_80;XR_002614625.2;85.714;42;6;0;1;42;249;208;0.044;50.0
fragment_79;AC234137.4;100.000;79;0;0;1;79;33114;33036;2.54e-30;143
fragment_79;AC087518.5;100.000;79;0;0;1;79;54209;54287;2.54e-30;143
fragment_79;AC007991.7;100.000;79;0;0;1;79;145459;145537;2.54e-30;143
fragment_79;OX465371.1;75.949;79;19;0;1;79;8591020;8591098;2.90e-04;58.1
fragment_79;CP050577.1;85.714;42;6;0;1;42;25728280;25728239;0.043;50.0
fragment_79;CP050618.1;85.714;42;6;0;1;42;25757685;25757644;0.043;50.0
fragment_79;XR_003132355.3;85.714;42;6;0;1;42;249;208;0.043;50.0
fragment_79;HG994398.1;85.714;42;6;0;1;42;34929245;34929286;0.043;50.0
fragment_79;XR_005439191.1;85.714;42;6;0;1;42;249;208;0.043;50.0
fragment_79;XR_002614625.2;85.714;42;6;0;1;42;249;208;0.043;50.0
fragment_78;AC234137.4;100.000;78;0;0;1;78;33114;33037;8.66e-30;141
fragment_78;AC087518.5;100.000;78;0;0;1;78;54209;54286;8.66e-30;141
fragment_78;AC007991.7;100.000;78;0;0;1;78;145459;145536;8.66e-30;141
fragment_78;OX465371.1;75.641;78;19;0;1;78;8591020;8591097;0.001;56.3
fragment_78;CP050577.1;85.714;42;6;0;1;42;25728280;25728239;0.042;50.0
fragment_78;CP050618.1;85.714;42;6;0;1;42;25757685;25757644;0.042;50.0
fragment_78;XR_003132355.3;85.714;42;6;0;1;42;249;208;0.042;50.0
fragment_78;HG994398.1;85.714;42;6;0;1;42;34929245;34929286;0.042;50.0
fragment_78;XR_005439191.1;85.714;42;6;0;1;42;249;208;0.042;50.0
fragment_78;XR_002614625.2;85.714;42;6;0;1;42;249;208;0.042;50.0
fragment_77;AC234137.4;100.000;77;0;0;1;77;33114;33038;2.95e-29;140
fragment_77;AC087518.5;100.000;77;0;0;1;77;54209;54285;2.95e-29;140
fragment_77;AC007991.7;100.000;77;0;0;1;77;145459;145535;2.95e-29;140
fragment_77;OX465371.1;75.325;77;19;0;1;77;8591020;8591096;0.003;54.5
fragment_77;CP050577.1;85.714;42;6;0;1;42;25728280;25728239;0.041;50.0
fragment_77;CP050618.1;85.714;42;6;0;1;42;25757685;25757644;0.041;50.0
fragment_77;XR_003132355.3;85.714;42;6;0;1;42;249;208;0.041;50.0
fragment_77;HG994398.1;85.714;42;6;0;1;42;34929245;34929286;0.041;50.0
fragment_77;XR_005439191.1;85.714;42;6;0;1;42;249;208;0.041;50.0
fragment_77;XR_002614625.2;85.714;42;6;0;1;42;249;208;0.041;50.0
fragment_76;AC234137.4;100.000;76;0;0;1;76;33114;33039;1.00e-28;138
fragment_76;AC087518.5;100.000;76;0;0;1;76;54209;54284;1.00e-28;138
fragment_76;AC007991.7;100.000;76;0;0;1;76;145459;145534;1.00e-28;138
fragment_76;OX465371.1;75.000;76;19;0;1;76;8591020;8591095;0.011;52.7
fragment_76;CP050577.1;85.714;42;6;0;1;42;25728280;25728239;0.040;50.0
fragment_76;CP050618.1;85.714;42;6;0;1;42;25757685;25757644;0.040;50.0
fragment_76;XR_003132355.3;85.714;42;6;0;1;42;249;208;0.040;50.0
fragment_76;HG994398.1;85.714;42;6;0;1;42;34929245;34929286;0.040;50.0
fragment_76;XR_005439191.1;85.714;42;6;0;1;42;249;208;0.040;50.0
fragment_76;XR_002614625.2;85.714;42;6;0;1;42;249;208;0.040;50.0
fragment_75;AC234137.4;100.000;75;0;0;1;75;33114;33040;3.41e-28;136
fragment_75;AC087518.5;100.000;75;0;0;1;75;54209;54283;3.41e-28;136
fragment_75;AC007991.7;100.000;75;0;0;1;75;145459;145533;3.41e-28;136
fragment_75;OX465371.1;74.667;75;19;0;1;75;8591020;8591094;0.039;50.9
fragment_75;CP050577.1;85.714;42;6;0;1;42;25728280;25728239;0.039;50.0
fragment_75;CP050618.1;85.714;42;6;0;1;42;25757685;25757644;0.039;50.0
fragment_75;XR_003132355.3;85.714;42;6;0;1;42;249;208;0.039;50.0
fragment_75;HG994398.1;85.714;42;6;0;1;42;34929245;34929286;0.039;50.0
fragment_75;XR_005439191.1;85.714;42;6;0;1;42;249;208;0.039;50.0
fragment_75;XR_002614625.2;85.714;42;6;0;1;42;249;208;0.039;50.0
fragment_74;AC234137.4;100.000;74;0;0;1;74;33114;33041;1.16e-27;134
fragment_74;AC087518.5;100.000;74;0;0;1;74;54209;54282;1.16e-27;134
fragment_74;AC007991.7;100.000;74;0;0;1;74;145459;145532;1.16e-27;134
fragment_74;CP050577.1;85.714;42;6;0;1;42;25728280;25728239;0.038;50.0
fragment_74;CP050618.1;85.714;42;6;0;1;42;25757685;25757644;0.038;50.0
fragment_74;XR_003132355.3;85.714;42;6;0;1;42;249;208;0.038;50.0
fragment_74;HG994398.1;85.714;42;6;0;1;42;34929245;34929286;0.038;50.0
fragment_74;XR_005439191.1;85.714;42;6;0;1;42;249;208;0.038;50.0
fragment_74;XR_002614625.2;85.714;42;6;0;1;42;249;208;0.038;50.0
fragment_73;AC234137.4;100.000;73;0;0;1;73;33114;33042;4.05e-27;132
fragment_73;AC087518.5;100.000;73;0;0;1;73;54209;54281;4.05e-27;132
fragment_73;AC007991.7;100.000;73;0;0;1;73;145459;145531;4.05e-27;132
fragment_73;CP050577.1;85.714;42;6;0;1;42;25728280;25728239;0.038;50.0
fragment_73;CP050618.1;85.714;42;6;0;1;42;25757685;25757644;0.038;50.0
fragment_73;XR_003132355.3;85.714;42;6;0;1;42;249;208;0.038;50.0
fragment_73;HG994398.1;85.714;42;6;0;1;42;34929245;34929286;0.038;50.0
fragment_73;XR_005439191.1;85.714;42;6;0;1;42;249;208;0.038;50.0
fragment_73;XR_002614625.2;85.714;42;6;0;1;42;249;208;0.038;50.0
fragment_72;AC234137.4;100.000;72;0;0;1;72;33114;33043;1.37e-26;131
fragment_72;AC087518.5;100.000;72;0;0;1;72;54209;54280;1.37e-26;131
fragment_72;AC007991.7;100.000;72;0;0;1;72;145459;145530;1.37e-26;131
fragment_72;CP050577.1;85.714;42;6;0;1;42;25728280;25728239;0.037;50.0
fragment_72;CP050618.1;85.714;42;6;0;1;42;25757685;25757644;0.037;50.0
fragment_72;XR_003132355.3;85.714;42;6;0;1;42;249;208;0.037;50.0
fragment_72;HG994398.1;85.714;42;6;0;1;42;34929245;34929286;0.037;50.0
fragment_72;XR_005439191.1;85.714;42;6;0;1;42;249;208;0.037;50.0
fragment_72;XR_002614625.2;85.714;42;6;0;1;42;249;208;0.037;50.0
fragment_71;AC234137.4;100.000;71;0;0;1;71;33114;33044;4.66e-26;129
fragment_71;AC087518.5;100.000;71;0;0;1;71;54209;54279;4.66e-26;129
fragment_71;AC007991.7;100.000;71;0;0;1;71;145459;145529;4.66e-26;129
fragment_71;CP050577.1;85.714;42;6;0;1;42;25728280;25728239;0.036;50.0
fragment_71;CP050618.1;85.714;42;6;0;1;42;25757685;25757644;0.036;50.0
fragment_71;XR_003132355.3;85.714;42;6;0;1;42;249;208;0.036;50.0
fragment_71;HG994398.1;85.714;42;6;0;1;42;34929245;34929286;0.036;50.0
fragment_71;XR_005439191.1;85.714;42;6;0;1;42;249;208;0.036;50.0
fragment_71;XR_002614625.2;85.714;42;6;0;1;42;249;208;0.036;50.0
fragment_70;AC234137.4;100.000;70;0;0;1;70;33114;33045;1.58e-25;127
fragment_70;AC087518.5;100.000;70;0;0;1;70;54209;54278;1.58e-25;127
fragment_70;AC007991.7;100.000;70;0;0;1;70;145459;145528;1.58e-25;127
fragment_70;CP050577.1;85.714;42;6;0;1;42;25728280;25728239;0.035;50.0
fragment_70;CP050618.1;85.714;42;6;0;1;42;25757685;25757644;0.035;50.0
fragment_70;XR_003132355.3;85.714;42;6;0;1;42;249;208;0.035;50.0
fragment_70;HG994398.1;85.714;42;6;0;1;42;34929245;34929286;0.035;50.0
fragment_70;XR_005439191.1;85.714;42;6;0;1;42;249;208;0.035;50.0
fragment_70;XR_002614625.2;85.714;42;6;0;1;42;249;208;0.035;50.0
fragment_69;AC234137.4;100.000;69;0;0;1;69;33114;33046;5.36e-25;125
fragment_69;AC087518.5;100.000;69;0;0;1;69;54209;54277;5.36e-25;125
fragment_69;AC007991.7;100.000;69;0;0;1;69;145459;145527;5.36e-25;125
fragment_69;CP050577.1;85.714;42;6;0;1;42;25728280;25728239;0.034;50.0
fragment_69;CP050618.1;85.714;42;6;0;1;42;25757685;25757644;0.034;50.0
fragment_69;XR_003132355.3;85.714;42;6;0;1;42;249;208;0.034;50.0
fragment_69;HG994398.1;85.714;42;6;0;1;42;34929245;34929286;0.034;50.0
fragment_69;XR_005439191.1;85.714;42;6;0;1;42;249;208;0.034;50.0
fragment_69;XR_002614625.2;85.714;42;6;0;1;42;249;208;0.034;50.0
fragment_68;AC234137.4;100.000;68;0;0;1;68;33114;33047;1.81e-24;123
fragment_68;AC087518.5;100.000;68;0;0;1;68;54209;54276;1.81e-24;123
fragment_68;AC007991.7;100.000;68;0;0;1;68;145459;145526;1.81e-24;123
fragment_68;CP050577.1;85.714;42;6;0;1;42;25728280;25728239;0.033;50.0
fragment_68;CP050618.1;85.714;42;6;0;1;42;25757685;25757644;0.033;50.0
fragment_68;XR_003132355.3;85.714;42;6;0;1;42;249;208;0.033;50.0
fragment_68;HG994398.1;85.714;42;6;0;1;42;34929245;34929286;0.033;50.0
fragment_68;XR_005439191.1;85.714;42;6;0;1;42;249;208;0.033;50.0
fragment_68;XR_002614625.2;85.714;42;6;0;1;42;249;208;0.033;50.0
fragment_67;AC234137.4;100.000;67;0;0;1;67;33114;33048;6.13e-24;122
fragment_67;AC087518.5;100.000;67;0;0;1;67;54209;54275;6.13e-24;122
fragment_67;AC007991.7;100.000;67;0;0;1;67;145459;145525;6.13e-24;122
fragment_67;CP050577.1;85.714;42;6;0;1;42;25728280;25728239;0.032;50.0
fragment_67;CP050618.1;85.714;42;6;0;1;42;25757685;25757644;0.032;50.0
fragment_67;XR_003132355.3;85.714;42;6;0;1;42;249;208;0.032;50.0
fragment_67;HG994398.1;85.714;42;6;0;1;42;34929245;34929286;0.032;50.0
fragment_67;XR_005439191.1;85.714;42;6;0;1;42;249;208;0.032;50.0
fragment_67;XR_002614625.2;85.714;42;6;0;1;42;249;208;0.032;50.0
fragment_66;AC234137.4;100.000;66;0;0;1;66;33114;33049;2.07e-23;120
fragment_66;AC087518.5;100.000;66;0;0;1;66;54209;54274;2.07e-23;120
fragment_66;AC007991.7;100.000;66;0;0;1;66;145459;145524;2.07e-23;120
fragment_66;CP050577.1;85.714;42;6;0;1;42;25728280;25728239;0.031;50.0
fragment_66;CP050618.1;85.714;42;6;0;1;42;25757685;25757644;0.031;50.0
fragment_66;XR_003132355.3;85.714;42;6;0;1;42;249;208;0.031;50.0
fragment_66;HG994398.1;85.714;42;6;0;1;42;34929245;34929286;0.031;50.0
fragment_66;XR_005439191.1;85.714;42;6;0;1;42;249;208;0.031;50.0
fragment_66;XR_002614625.2;85.714;42;6;0;1;42;249;208;0.031;50.0
fragment_65;AC234137.4;100.000;65;0;0;1;65;33114;33050;6.99e-23;118
fragment_65;AC087518.5;100.000;65;0;0;1;65;54209;54273;6.99e-23;118
fragment_65;AC007991.7;100.000;65;0;0;1;65;145459;145523;6.99e-23;118
fragment_65;CP050577.1;85.714;42;6;0;1;42;25728280;25728239;0.030;50.0
fragment_65;CP050618.1;85.714;42;6;0;1;42;25757685;25757644;0.030;50.0
fragment_65;XR_003132355.3;85.714;42;6;0;1;42;249;208;0.030;50.0
fragment_65;HG994398.1;85.714;42;6;0;1;42;34929245;34929286;0.030;50.0
fragment_65;XR_005439191.1;85.714;42;6;0;1;42;249;208;0.030;50.0
fragment_65;XR_002614625.2;85.714;42;6;0;1;42;249;208;0.030;50.0
fragment_64;AC234137.4;100.000;64;0;0;1;64;33114;33051;2.35e-22;116
fragment_64;AC087518.5;100.000;64;0;0;1;64;54209;54272;2.35e-22;116
fragment_64;AC007991.7;100.000;64;0;0;1;64;145459;145522;2.35e-22;116
fragment_64;CP050577.1;85.714;42;6;0;1;42;25728280;25728239;0.029;50.0
fragment_64;CP050618.1;85.714;42;6;0;1;42;25757685;25757644;0.029;50.0
fragment_64;XR_003132355.3;85.714;42;6;0;1;42;249;208;0.029;50.0
fragment_64;HG994398.1;85.714;42;6;0;1;42;34929245;34929286;0.029;50.0
fragment_64;XR_005439191.1;85.714;42;6;0;1;42;249;208;0.029;50.0
fragment_64;XR_002614625.2;85.714;42;6;0;1;42;249;208;0.029;50.0
fragment_63;AC234137.4;100.000;63;0;0;1;63;33114;33052;7.92e-22;114
fragment_63;AC087518.5;100.000;63;0;0;1;63;54209;54271;7.92e-22;114
fragment_63;AC007991.7;100.000;63;0;0;1;63;145459;145521;7.92e-22;114
fragment_63;CP050577.1;85.714;42;6;0;1;42;25728280;25728239;0.028;50.0
fragment_63;CP050618.1;85.714;42;6;0;1;42;25757685;25757644;0.028;50.0
fragment_63;XR_003132355.3;85.714;42;6;0;1;42;249;208;0.028;50.0
fragment_63;HG994398.1;85.714;42;6;0;1;42;34929245;34929286;0.028;50.0
fragment_63;XR_005439191.1;85.714;42;6;0;1;42;249;208;0.028;50.0
fragment_63;XR_002614625.2;85.714;42;6;0;1;42;249;208;0.028;50.0
fragment_62;AC234137.4;100.000;62;0;0;1;62;33114;33053;2.66e-21;113
fragment_62;AC087518.5;100.000;62;0;0;1;62;54209;54270;2.66e-21;113
fragment_62;AC007991.7;100.000;62;0;0;1;62;145459;145520;2.66e-21;113
fragment_62;CP050577.1;85.714;42;6;0;1;42;25728280;25728239;0.027;50.0
fragment_62;CP050618.1;85.714;42;6;0;1;42;25757685;25757644;0.027;50.0
fragment_62;XR_003132355.3;85.714;42;6;0;1;42;249;208;0.027;50.0
fragment_62;HG994398.1;85.714;42;6;0;1;42;34929245;34929286;0.027;50.0
fragment_62;XR_005439191.1;85.714;42;6;0;1;42;249;208;0.027;50.0
fragment_62;XR_002614625.2;85.714;42;6;0;1;42;249;208;0.027;50.0
fragment_61;AC234137.4;100.000;61;0;0;1;61;33114;33054;8.94e-21;111
fragment_61;AC087518.5;100.000;61;0;0;1;61;54209;54269;8.94e-21;111
fragment_61;AC007991.7;100.000;61;0;0;1;61;145459;145519;8.94e-21;111
fragment_61;CP050577.1;85.714;42;6;0;1;42;25728280;25728239;0.026;50.0
fragment_61;CP050618.1;85.714;42;6;0;1;42;25757685;25757644;0.026;50.0
fragment_61;XR_003132355.3;85.714;42;6;0;1;42;249;208;0.026;50.0
fragment_61;HG994398.1;85.714;42;6;0;1;42;34929245;34929286;0.026;50.0
fragment_61;XR_005439191.1;85.714;42;6;0;1;42;249;208;0.026;50.0
fragment_61;XR_002614625.2;85.714;42;6;0;1;42;249;208;0.026;50.0
fragment_60;AC234137.4;100.000;60;0;0;1;60;33114;33055;2.99e-20;109
fragment_60;AC087518.5;100.000;60;0;0;1;60;54209;54268;2.99e-20;109
fragment_60;AC007991.7;100.000;60;0;0;1;60;145459;145518;2.99e-20;109
fragment_60;CP050577.1;85.714;42;6;0;1;42;25728280;25728239;0.025;50.0
fragment_60;CP050618.1;85.714;42;6;0;1;42;25757685;25757644;0.025;50.0
fragment_60;XR_003132355.3;85.714;42;6;0;1;42;249;208;0.025;50.0
fragment_60;HG994398.1;85.714;42;6;0;1;42;34929245;34929286;0.025;50.0
fragment_60;XR_005439191.1;85.714;42;6;0;1;42;249;208;0.025;50.0
fragment_60;XR_002614625.2;85.714;42;6;0;1;42;249;208;0.025;50.0
fragment_59;AC234137.4;100.000;59;0;0;1;59;33114;33056;1.00e-19;107
fragment_59;AC087518.5;100.000;59;0;0;1;59;54209;54267;1.00e-19;107
fragment_59;AC007991.7;100.000;59;0;0;1;59;145459;145517;1.00e-19;107
fragment_59;CP050577.1;85.714;42;6;0;1;42;25728280;25728239;0.024;50.0
fragment_59;CP050618.1;85.714;42;6;0;1;42;25757685;25757644;0.024;50.0
fragment_59;XR_003132355.3;85.714;42;6;0;1;42;249;208;0.024;50.0
fragment_59;HG994398.1;85.714;42;6;0;1;42;34929245;34929286;0.024;50.0
fragment_59;XR_005439191.1;85.714;42;6;0;1;42;249;208;0.024;50.0
fragment_59;XR_002614625.2;85.714;42;6;0;1;42;249;208;0.024;50.0
fragment_58;AC234137.4;100.000;58;0;0;1;58;33114;33057;3.34e-19;105
fragment_58;AC087518.5;100.000;58;0;0;1;58;54209;54266;3.34e-19;105
fragment_58;AC007991.7;100.000;58;0;0;1;58;145459;145516;3.34e-19;105
fragment_58;CP050577.1;85.714;42;6;0;1;42;25728280;25728239;0.023;50.0
fragment_58;CP050618.1;85.714;42;6;0;1;42;25757685;25757644;0.023;50.0
fragment_58;XR_003132355.3;85.714;42;6;0;1;42;249;208;0.023;50.0
fragment_58;HG994398.1;85.714;42;6;0;1;42;34929245;34929286;0.023;50.0
fragment_58;XR_005439191.1;85.714;42;6;0;1;42;249;208;0.023;50.0
fragment_58;XR_002614625.2;85.714;42;6;0;1;42;249;208;0.023;50.0
fragment_57;AC234137.4;100.000;57;0;0;1;57;33114;33058;1.11e-18;104
fragment_57;AC087518.5;100.000;57;0;0;1;57;54209;54265;1.11e-18;104
fragment_57;AC007991.7;100.000;57;0;0;1;57;145459;145515;1.11e-18;104
fragment_57;CP050577.1;85.714;42;6;0;1;42;25728280;25728239;0.022;50.0
fragment_57;CP050618.1;85.714;42;6;0;1;42;25757685;25757644;0.022;50.0
fragment_57;XR_003132355.3;85.714;42;6;0;1;42;249;208;0.022;50.0
fragment_57;HG994398.1;85.714;42;6;0;1;42;34929245;34929286;0.022;50.0
fragment_57;XR_005439191.1;85.714;42;6;0;1;42;249;208;0.022;50.0
fragment_57;XR_002614625.2;85.714;42;6;0;1;42;249;208;0.022;50.0
fragment_56;AC234137.4;100.000;56;0;0;1;56;33114;33059;3.70e-18;102
fragment_56;AC087518.5;100.000;56;0;0;1;56;54209;54264;3.70e-18;102
fragment_56;AC007991.7;100.000;56;0;0;1;56;145459;145514;3.70e-18;102
fragment_56;CP050577.1;85.714;42;6;0;1;42;25728280;25728239;0.021;50.0
fragment_56;CP050618.1;85.714;42;6;0;1;42;25757685;25757644;0.021;50.0
fragment_56;XR_003132355.3;85.714;42;6;0;1;42;249;208;0.021;50.0
fragment_56;HG994398.1;85.714;42;6;0;1;42;34929245;34929286;0.021;50.0
fragment_56;XR_005439191.1;85.714;42;6;0;1;42;249;208;0.021;50.0
fragment_56;XR_002614625.2;85.714;42;6;0;1;42;249;208;0.021;50.0
fragment_55;AC234137.4;100.000;55;0;0;1;55;33114;33060;1.23e-17;100
fragment_55;AC087518.5;100.000;55;0;0;1;55;54209;54263;1.23e-17;100
fragment_55;AC007991.7;100.000;55;0;0;1;55;145459;145513;1.23e-17;100
fragment_55;CP050577.1;85.714;42;6;0;1;42;25728280;25728239;0.019;50.0
fragment_55;CP050618.1;85.714;42;6;0;1;42;25757685;25757644;0.019;50.0
fragment_55;XR_003132355.3;85.714;42;6;0;1;42;249;208;0.019;50.0
fragment_55;HG994398.1;85.714;42;6;0;1;42;34929245;34929286;0.019;50.0
fragment_55;XR_005439191.1;85.714;42;6;0;1;42;249;208;0.019;50.0
fragment_55;XR_002614625.2;85.714;42;6;0;1;42;249;208;0.019;50.0
fragment_54;AC234137.4;100.000;54;0;0;1;54;33114;33061;4.06e-17;98.7
fragment_54;AC087518.5;100.000;54;0;0;1;54;54209;54262;4.06e-17;98.7
fragment_54;AC007991.7;100.000;54;0;0;1;54;145459;145512;4.06e-17;98.7
fragment_54;CP050577.1;85.714;42;6;0;1;42;25728280;25728239;0.018;50.0
fragment_54;CP050618.1;85.714;42;6;0;1;42;25757685;25757644;0.018;50.0
fragment_54;XR_003132355.3;85.714;42;6;0;1;42;249;208;0.018;50.0
fragment_54;HG994398.1;85.714;42;6;0;1;42;34929245;34929286;0.018;50.0
fragment_54;XR_005439191.1;85.714;42;6;0;1;42;249;208;0.018;50.0
fragment_54;XR_002614625.2;85.714;42;6;0;1;42;249;208;0.018;50.0
fragment_53;AC234137.4;100.000;53;0;0;1;53;33114;33062;1.34e-16;96.9
fragment_53;AC087518.5;100.000;53;0;0;1;53;54209;54261;1.34e-16;96.9
fragment_53;AC007991.7;100.000;53;0;0;1;53;145459;145511;1.34e-16;96.9
fragment_53;CP050577.1;85.714;42;6;0;1;42;25728280;25728239;0.017;50.0
fragment_53;CP050618.1;85.714;42;6;0;1;42;25757685;25757644;0.017;50.0
fragment_53;XR_003132355.3;85.714;42;6;0;1;42;249;208;0.017;50.0
fragment_53;HG994398.1;85.714;42;6;0;1;42;34929245;34929286;0.017;50.0
fragment_53;XR_005439191.1;85.714;42;6;0;1;42;249;208;0.017;50.0
fragment_53;XR_002614625.2;85.714;42;6;0;1;42;249;208;0.017;50.0
fragment_52;AC234137.4;100.000;52;0;0;1;52;33114;33063;4.67e-16;95.1
fragment_52;AC087518.5;100.000;52;0;0;1;52;54209;54260;4.67e-16;95.1
fragment_52;AC007991.7;100.000;52;0;0;1;52;145459;145510;4.67e-16;95.1
fragment_52;CP050577.1;85.714;42;6;0;1;42;25728280;25728239;0.017;50.0
fragment_52;CP050618.1;85.714;42;6;0;1;42;25757685;25757644;0.017;50.0
fragment_52;XR_003132355.3;85.714;42;6;0;1;42;249;208;0.017;50.0
fragment_52;HG994398.1;85.714;42;6;0;1;42;34929245;34929286;0.017;50.0
fragment_52;XR_005439191.1;85.714;42;6;0;1;42;249;208;0.017;50.0
fragment_52;XR_002614625.2;85.714;42;6;0;1;42;249;208;0.017;50.0
fragment_51;AC234137.4;100.000;51;0;0;1;51;33114;33064;1.54e-15;93.3
fragment_51;AC087518.5;100.000;51;0;0;1;51;54209;54259;1.54e-15;93.3
fragment_51;AC007991.7;100.000;51;0;0;1;51;145459;145509;1.54e-15;93.3
fragment_51;CP050577.1;85.714;42;6;0;1;42;25728280;25728239;0.016;50.0
fragment_51;CP050618.1;85.714;42;6;0;1;42;25757685;25757644;0.016;50.0
fragment_51;XR_003132355.3;85.714;42;6;0;1;42;249;208;0.016;50.0
fragment_51;HG994398.1;85.714;42;6;0;1;42;34929245;34929286;0.016;50.0
fragment_51;XR_005439191.1;85.714;42;6;0;1;42;249;208;0.016;50.0
fragment_51;XR_002614625.2;85.714;42;6;0;1;42;249;208;0.016;50.0
fragment_50;AC234137.4;100.000;50;0;0;1;50;33114;33065;5.02e-15;91.5
fragment_50;AC087518.5;100.000;50;0;0;1;50;54209;54258;5.02e-15;91.5
fragment_50;AC007991.7;100.000;50;0;0;1;50;145459;145508;5.02e-15;91.5
fragment_50;CP050577.1;85.714;42;6;0;1;42;25728280;25728239;0.015;50.0
fragment_50;CP050618.1;85.714;42;6;0;1;42;25757685;25757644;0.015;50.0
fragment_50;XR_003132355.3;85.714;42;6;0;1;42;249;208;0.015;50.0
fragment_50;HG994398.1;85.714;42;6;0;1;42;34929245;34929286;0.015;50.0
fragment_50;XR_005439191.1;85.714;42;6;0;1;42;249;208;0.015;50.0
fragment_50;XR_002614625.2;85.714;42;6;0;1;42;249;208;0.015;50.0
fragment_49;AC234137.4;100.000;49;0;0;1;49;33114;33066;1.64e-14;89.7
fragment_49;AC087518.5;100.000;49;0;0;1;49;54209;54257;1.64e-14;89.7
fragment_49;AC007991.7;100.000;49;0;0;1;49;145459;145507;1.64e-14;89.7
fragment_49;CP050577.1;85.714;42;6;0;1;42;25728280;25728239;0.014;50.0
fragment_49;CP050618.1;85.714;42;6;0;1;42;25757685;25757644;0.014;50.0
fragment_49;XR_003132355.3;85.714;42;6;0;1;42;249;208;0.014;50.0
fragment_49;HG994398.1;85.714;42;6;0;1;42;34929245;34929286;0.014;50.0
fragment_49;XR_005439191.1;85.714;42;6;0;1;42;249;208;0.014;50.0
fragment_49;XR_002614625.2;85.714;42;6;0;1;42;249;208;0.014;50.0
fragment_48;AC234137.4;100.000;48;0;0;1;48;33114;33067;5.30e-14;87.8
fragment_48;AC087518.5;100.000;48;0;0;1;48;54209;54256;5.30e-14;87.8
fragment_48;AC007991.7;100.000;48;0;0;1;48;145459;145506;5.30e-14;87.8
fragment_48;CP050577.1;85.714;42;6;0;1;42;25728280;25728239;0.013;50.0
fragment_48;CP050618.1;85.714;42;6;0;1;42;25757685;25757644;0.013;50.0
fragment_48;XR_003132355.3;85.714;42;6;0;1;42;249;208;0.013;50.0
fragment_48;HG994398.1;85.714;42;6;0;1;42;34929245;34929286;0.013;50.0
fragment_48;XR_005439191.1;85.714;42;6;0;1;42;249;208;0.013;50.0
fragment_48;XR_002614625.2;85.714;42;6;0;1;42;249;208;0.013;50.0
fragment_48;OX463242.1;84.091;44;7;0;1;44;85841548;85841591;0.047;49.1
fragment_47;AC234137.4;100.000;47;0;0;1;47;33114;33068;1.71e-13;86.0
fragment_47;AC087518.5;100.000;47;0;0;1;47;54209;54255;1.71e-13;86.0
fragment_47;AC007991.7;100.000;47;0;0;1;47;145459;145505;1.71e-13;86.0
fragment_47;CP050577.1;85.714;42;6;0;1;42;25728280;25728239;0.012;50.0
fragment_47;CP050618.1;85.714;42;6;0;1;42;25757685;25757644;0.012;50.0
fragment_47;XR_003132355.3;85.714;42;6;0;1;42;249;208;0.012;50.0
fragment_47;HG994398.1;85.714;42;6;0;1;42;34929245;34929286;0.012;50.0
fragment_47;XR_005439191.1;85.714;42;6;0;1;42;249;208;0.012;50.0
fragment_47;XR_002614625.2;85.714;42;6;0;1;42;249;208;0.012;50.0
fragment_47;OX463242.1;84.091;44;7;0;1;44;85841548;85841591;0.043;49.1
fragment_46;AC234137.4;100.000;46;0;0;1;46;33114;33069;5.47e-13;84.2
fragment_46;AC087518.5;100.000;46;0;0;1;46;54209;54254;5.47e-13;84.2
fragment_46;AC007991.7;100.000;46;0;0;1;46;145459;145504;5.47e-13;84.2
fragment_46;CP050577.1;85.714;42;6;0;1;42;25728280;25728239;0.011;50.0
fragment_46;CP050618.1;85.714;42;6;0;1;42;25757685;25757644;0.011;50.0
fragment_46;XR_003132355.3;85.714;42;6;0;1;42;249;208;0.011;50.0
fragment_46;HG994398.1;85.714;42;6;0;1;42;34929245;34929286;0.011;50.0
fragment_46;XR_005439191.1;85.714;42;6;0;1;42;249;208;0.011;50.0
fragment_46;XR_002614625.2;85.714;42;6;0;1;42;249;208;0.011;50.0
fragment_46;OX463242.1;84.091;44;7;0;1;44;85841548;85841591;0.039;49.1
fragment_45;AC234137.4;100.000;45;0;0;1;45;33114;33070;1.73e-12;82.4
fragment_45;AC087518.5;100.000;45;0;0;1;45;54209;54253;1.73e-12;82.4
fragment_45;AC007991.7;100.000;45;0;0;1;45;145459;145503;1.73e-12;82.4
fragment_45;CP050577.1;85.714;42;6;0;1;42;25728280;25728239;0.010;50.0
fragment_45;CP050618.1;85.714;42;6;0;1;42;25757685;25757644;0.010;50.0
fragment_45;XR_003132355.3;85.714;42;6;0;1;42;249;208;0.010;50.0
fragment_45;HG994398.1;85.714;42;6;0;1;42;34929245;34929286;0.010;50.0
fragment_45;XR_005439191.1;85.714;42;6;0;1;42;249;208;0.010;50.0
fragment_45;XR_002614625.2;85.714;42;6;0;1;42;249;208;0.010;50.0
fragment_45;OX463242.1;84.091;44;7;0;1;44;85841548;85841591;0.036;49.1
fragment_44;AC234137.4;100.000;44;0;0;1;44;33114;33071;5.45e-12;80.6
fragment_44;AC087518.5;100.000;44;0;0;1;44;54209;54252;5.45e-12;80.6
fragment_44;AC007991.7;100.000;44;0;0;1;44;145459;145502;5.45e-12;80.6
fragment_44;CP050577.1;85.714;42;6;0;1;42;25728280;25728239;0.009;50.0
fragment_44;CP050618.1;85.714;42;6;0;1;42;25757685;25757644;0.009;50.0
fragment_44;XR_003132355.3;85.714;42;6;0;1;42;249;208;0.009;50.0
fragment_44;HG994398.1;85.714;42;6;0;1;42;34929245;34929286;0.009;50.0
fragment_44;XR_005439191.1;85.714;42;6;0;1;42;249;208;0.009;50.0
fragment_44;XR_002614625.2;85.714;42;6;0;1;42;249;208;0.009;50.0
fragment_44;OX463242.1;84.091;44;7;0;1;44;85841548;85841591;0.032;49.1
fragment_43;AC234137.4;100.000;43;0;0;1;43;33114;33072;1.69e-11;78.8
fragment_43;AC087518.5;100.000;43;0;0;1;43;54209;54251;1.69e-11;78.8
fragment_43;AC007991.7;100.000;43;0;0;1;43;145459;145501;1.69e-11;78.8
fragment_43;CP050577.1;85.714;42;6;0;1;42;25728280;25728239;0.008;50.0
fragment_43;CP050618.1;85.714;42;6;0;1;42;25757685;25757644;0.008;50.0
fragment_43;XR_003132355.3;85.714;42;6;0;1;42;249;208;0.008;50.0
fragment_43;HG994398.1;85.714;42;6;0;1;42;34929245;34929286;0.008;50.0
fragment_43;XR_005439191.1;85.714;42;6;0;1;42;249;208;0.008;50.0
fragment_43;XR_002614625.2;85.714;42;6;0;1;42;249;208;0.008;50.0
fragment_42;AC234137.4;100.000;42;0;0;1;42;33114;33073;5.90e-11;77.0
fragment_42;AC087518.5;100.000;42;0;0;1;42;54209;54250;5.90e-11;77.0
fragment_42;AC007991.7;100.000;42;0;0;1;42;145459;145500;5.90e-11;77.0
fragment_42;CP050577.1;85.714;42;6;0;1;42;25728280;25728239;0.008;50.0
fragment_42;CP050618.1;85.714;42;6;0;1;42;25757685;25757644;0.008;50.0
fragment_42;XR_003132355.3;85.714;42;6;0;1;42;249;208;0.008;50.0
fragment_42;HG994398.1;85.714;42;6;0;1;42;34929245;34929286;0.008;50.0
fragment_42;XR_005439191.1;85.714;42;6;0;1;42;249;208;0.008;50.0
fragment_42;XR_002614625.2;85.714;42;6;0;1;42;249;208;0.008;50.0
fragment_41;AC234137.4;100.000;41;0;0;1;41;33114;33074;1.80e-10;75.2
fragment_41;AC087518.5;100.000;41;0;0;1;41;54209;54249;1.80e-10;75.2
fragment_41;AC007991.7;100.000;41;0;0;1;41;145459;145499;1.80e-10;75.2
fragment_41;CP050577.1;85.366;41;6;0;1;41;25728280;25728240;0.025;48.2
fragment_41;CP050618.1;85.366;41;6;0;1;41;25757685;25757645;0.025;48.2
fragment_41;XR_003132355.3;85.366;41;6;0;1;41;249;209;0.025;48.2
fragment_41;HG994398.1;85.366;41;6;0;1;41;34929245;34929285;0.025;48.2
fragment_41;XR_005439191.1;85.366;41;6;0;1;41;249;209;0.025;48.2
fragment_41;XR_002614625.2;85.366;41;6;0;1;41;249;209;0.025;48.2
fragment_40;AC234137.4;100.000;40;0;0;1;40;33114;33075;5.39e-10;73.4
fragment_40;AC087518.5;100.000;40;0;0;1;40;54209;54248;5.39e-10;73.4
fragment_40;AC007991.7;100.000;40;0;0;1;40;145459;145498;5.39e-10;73.4
fragment_39;AC234137.4;100.000;39;0;0;1;39;33114;33076;1.57e-09;71.6
fragment_39;AC087518.5;100.000;39;0;0;1;39;54209;54247;1.57e-09;71.6
fragment_39;AC007991.7;100.000;39;0;0;1;39;145459;145497;1.57e-09;71.6
fragment_38;AC234137.4;100.000;38;0;0;1;38;33114;33077;4.38e-09;69.8
fragment_38;AC087518.5;100.000;38;0;0;1;38;54209;54246;4.38e-09;69.8
fragment_38;AC007991.7;100.000;38;0;0;1;38;145459;145496;4.38e-09;69.8
fragment_37;AC234137.4;100.000;37;0;0;1;37;33114;33078;1.53e-08;68.0
fragment_37;AC087518.5;100.000;37;0;0;1;37;54209;54245;1.53e-08;68.0
fragment_37;AC007991.7;100.000;37;0;0;1;37;145459;145495;1.53e-08;68.0
fragment_36;AC234137.4;100.000;36;0;0;1;36;33114;33079;4.00e-08;66.2
fragment_36;AC087518.5;100.000;36;0;0;1;36;54209;54244;4.00e-08;66.2
fragment_36;AC007991.7;100.000;36;0;0;1;36;145459;145494;4.00e-08;66.2
fragment_35;AC234137.4;100.000;35;0;0;1;35;33114;33080;1.40e-07;64.4
fragment_35;AC087518.5;100.000;35;0;0;1;35;54209;54243;1.40e-07;64.4
fragment_35;AC007991.7;100.000;35;0;0;1;35;145459;145493;1.40e-07;64.4
fragment_34;AC234137.4;100.000;34;0;0;1;34;33114;33081;4.88e-07;62.6
fragment_34;AC087518.5;100.000;34;0;0;1;34;54209;54242;4.88e-07;62.6
fragment_34;AC007991.7;100.000;34;0;0;1;34;145459;145492;4.88e-07;62.6
fragment_33;AC234137.4;100.000;33;0;0;1;33;33114;33082;1.70e-06;60.8
fragment_33;AC087518.5;100.000;33;0;0;1;33;54209;54241;1.70e-06;60.8
fragment_33;AC007991.7;100.000;33;0;0;1;33;145459;145491;1.70e-06;60.8
fragment_32;AC234137.4;100.000;32;0;0;1;32;33114;33083;5.94e-06;59.0
fragment_32;AC087518.5;100.000;32;0;0;1;32;54209;54240;5.94e-06;59.0
fragment_32;AC007991.7;100.000;32;0;0;1;32;145459;145490;5.94e-06;59.0
fragment_31;AC234137.4;100.000;31;0;0;1;31;33114;33084;2.07e-05;57.2
fragment_31;AC087518.5;100.000;31;0;0;1;31;54209;54239;2.07e-05;57.2
fragment_31;AC007991.7;100.000;31;0;0;1;31;145459;145489;2.07e-05;57.2
fragment_30;AC234137.4;100.000;30;0;0;1;30;33114;33085;7.24e-05;55.4
fragment_30;AC087518.5;100.000;30;0;0;1;30;54209;54238;7.24e-05;55.4
fragment_30;AC007991.7;100.000;30;0;0;1;30;145459;145488;7.24e-05;55.4
fragment_29;AC234137.4;100.000;29;0;0;1;29;33114;33086;2.53e-04;53.6
fragment_29;AC087518.5;100.000;29;0;0;1;29;54209;54237;2.53e-04;53.6
fragment_29;AC007991.7;100.000;29;0;0;1;29;145459;145487;2.53e-04;53.6
fragment_28;AC234137.4;100.000;28;0;0;1;28;33114;33087;8.82e-04;51.8
fragment_28;AC087518.5;100.000;28;0;0;1;28;54209;54236;8.82e-04;51.8
fragment_28;AC007991.7;100.000;28;0;0;1;28;145459;145486;8.82e-04;51.8
fragment_27;AC234137.4;100.000;27;0;0;1;27;33114;33088;0.003;50.0
fragment_27;AC087518.5;100.000;27;0;0;1;27;54209;54235;0.003;50.0
fragment_27;AC007991.7;100.000;27;0;0;1;27;145459;145485;0.003;50.0
fragment_26;AC234137.4;100.000;26;0;0;1;26;33114;33089;0.011;48.2
fragment_26;AC087518.5;100.000;26;0;0;1;26;54209;54234;0.011;48.2
fragment_26;AC007991.7;100.000;26;0;0;1;26;145459;145484;0.011;48.2
fragment_25;AC234137.4;100.000;25;0;0;1;25;33114;33090;0.038;46.4
fragment_25;AC087518.5;100.000;25;0;0;1;25;54209;54233;0.038;46.4
fragment_25;AC007991.7;100.000;25;0;0;1;25;145459;145483;0.038;46.4
